title,url,source_name,published_at,category,raw_excerpt,content_text,related_brands,related_platforms,tags
国家监管部门发布化妆品抽检相关通告,https://example.com/regulation-sampling,国家药监局 - 化妆品抽检通告,2026-04-30 07:00:00,regulation,通告提到部分批次化妆品抽检不符合规定，需关注标签和备案信息。,国家监管部门发布化妆品抽检相关通告，部分批次被提示不符合规定。品牌需复核功效宣称、标签和注册备案材料，避免直播间或详情页表达越界。,,,"抽检,不符合规定,标签,注册备案"
小红书出现“换季屏障修护”相关热词,https://example.com/xhs-barrier,小红书手动趋势,2026-04-30 07:10:00,social_trend,小红书近期出现换季屏障修护、敏感肌急救等内容词。,小红书近期出现“换季屏障修护”“敏感肌急救”等内容词，测评和空瓶内容互动较多，适合护肤品牌结合修护精华、面霜和舒缓成分做选题。,,小红书,"换季屏障修护,敏感肌,种草,测评"
抖音直播间强调赠品组合和限时机制,https://example.com/douyin-live,抖音电商手动导入,2026-04-30 07:20:00,ecommerce_channel,多个美妆直播间强化限时赠品和会员券组合。,抖音直播间近期强化限时赠品、会员券和店播承接，价格机制更复杂，需关注赠品展示规则和客服口径。,,抖音,"直播间,赠品,会员,店播"
竞品A推出屏障修护新品系列,https://example.com/competitor-a-launch,竞品监测手动导入,2026-04-30 07:30:00,competitor,竞品A推出屏障修护新品系列，主打神经酰胺和敏感肌。,竞品A推出屏障修护新品系列，主打神经酰胺、敏感肌和屏障修护，首发渠道覆盖天猫和小红书种草内容。,竞品A,"天猫,小红书","新品,屏障修护,神经酰胺,敏感肌"
竞品B官宣新代言人并启动线下快闪,https://example.com/competitor-b-kol,竞品监测手动导入,2026-04-30 07:40:00,competitor,竞品B官宣新代言人，并配合线下快闪和社媒内容。,竞品B官宣新代言人并启动线下快闪，内容覆盖彩妆新品、明星同款和短视频话题，预计带动彩妆声量。竞品B,小红书,"代言,快闪,明星同款,彩妆"
PDRN 成分在功效护肤讨论中升温,https://example.com/pdrn-trend,行业趋势手动导入,2026-04-30 07:50:00,product_ingredient,PDRN、重组胶原蛋白等成分在功效护肤讨论中升温。,PDRN、重组胶原蛋白和修护类成分在功效护肤讨论中升温，用户关注抗老、修护和敏感肌适配，但宣称需注意证据边界。,,,"PDRN,重组胶原蛋白,抗老,修护"
某平台调整美妆直播间赠品展示规则,https://example.com/platform-rule,平台规则手动导入,2026-04-30 08:00:00,ecommerce_channel,某平台调整美妆直播间赠品展示规则。,某平台调整美妆直播间赠品展示规则，要求赠品信息更清晰，可能影响直播脚本、货盘组合和页面说明。,,抖音,"平台规则,直播间,赠品,电商"
消费者对某类防晒产品肤感争议增多,https://example.com/sunscreen-sentiment,消费者反馈手动导入,2026-04-30 08:10:00,consumer_sentiment,消费者对某类防晒产品肤感、搓泥和闷痘反馈增多。,消费者对某类防晒产品肤感、搓泥和闷痘反馈增多，部分内容出现避雷表达。品牌需关注客服反馈和详情页肤感描述。,,小红书,"防晒,吐槽,避雷,投诉"
某达人发布功效护肤测评合集,https://example.com/kol-review,KOL 手动导入,2026-04-30 08:20:00,kol_celebrity,某达人发布功效护肤测评合集，涉及修护和抗老产品。,某达人发布功效护肤测评合集，涉及修护、抗老和屏障护理产品，评论区集中询问敏感肌是否可用。,,小红书,"达人,测评,修护,抗老"
